epitope,count,added_order,size,count_before
RMYSPVSIL,1,0.0,1675.0,2.0
KIYSKHTPI,1,1.0,1676.0,0.0
RARSVASQSI,1,2.0,1677.0,0.0
LLFGYPVYV,1,3.0,1678.0,1.0
SLLMWITQC,1,4.0,1679.0,6.0
EPLPQGQLTAY,1,5.0,1680.0,1.0
EENLLDFVRF,1,6.0,1681.0,1.0
EEYLKAWTF,1,7.0,1682.0,1.0
EEYLQAFTY,1,8.0,1683.0,1.0
GLCTLVAML,1,9.0,1684.0,3.0
ALWGPDPAAA,1,10.0,1685.0,1.0
RFPLTFGWCF,1,11.0,1686.0,2.0
SMLGIGIVPV,1,12.0,1687.0,1.0
MMWDRGLGMM,1,13.0,1688.0,1.0
SLYNTIATL,1,14.0,1689.0,1.0
LPFDKPTIM,1,15.0,1690.0,0.0
LPFEKSTVM,1,16.0,1691.0,1.0
LPFERATIM,1,17.0,1692.0,0.0
LRVMMLAPF,1,18.0,1693.0,3.0
GQVMVVAPR,1,19.0,1694.0,1.0
YLEPGPVTA,1,20.0,1695.0,0.0
GPEPLPQGQLTAY,1,21.0,1696.0,0.0
ALQIPFAMQM,1,22.0,1697.0,0.0
RMYSPVSI,1,23.0,1698.0,0.0
YPDKVFRSSV,1,24.0,1699.0,1.0
FPQSAPHGVVF,1,25.0,1700.0,0.0
KLVALVINAV,1,26.0,1701.0,0.0
YQFGPDFPIA,1,27.0,1702.0,1.0
RQWGPDPAAV,1,28.0,1703.0,1.0
YLGGPDFPTI,1,29.0,1704.0,1.0
MVWGPDPLYV,1,30.0,1705.0,1.0
RQFGPDFPTI,1,31.0,1706.0,1.0
TAFTIPSI,1,32.0,1707.0,1.0
RQFGPDWIVA,1,33.0,1708.0,1.0
AQWGPDPAAA,1,34.0,1709.0,1.0
ILAKFLHWL,1,35.0,1710.0,2.0
SLYNTVATL,1,36.0,1711.0,1.0
SLFNTIAVL,1,37.0,1712.0,1.0
VMAPRTLVL,1,38.0,1713.0,1.0
GTSGSPIVNR,1,39.0,1714.0,1.0
GTSGSPIINR,1,40.0,1715.0,1.0
YLEPGPVTV,1,41.0,1716.0,2.0
KRWIIMGLNK,1,42.0,1717.0,1.0
KRWIILGLNK,1,43.0,1718.0,1.0
ALGIGILTV,1,44.0,1719.0,2.0
KQIYKTPPI,1,45.0,1720.0,0.0
TLATHGLAAV,1,46.0,1721.0,0.0
MQLFFSYFA,1,47.0,1722.0,0.0
HSKKKCDEL,1,48.0,1723.0,1.0
LPEPLPQGQLGAY,1,49.0,1724.0,0.0
RLPAKAPL,1,50.0,1725.0,0.0
LPFEKSTIM,1,51.0,1726.0,2.0
RLQSLQTYV,1,52.0,1727.0,2.0
FEDLRVLSF,1,53.0,1728.0,1.0
GVYDGREHTV,1,54.0,1729.0,3.0
LPEPLPQGGLTAY,1,55.0,1730.0,0.0
LPEPLPQAQLTAY,1,56.0,1731.0,0.0
IMDQVPFSV,1,57.0,1732.0,2.0
GADGVGKSAL,1,58.0,1733.0,1.0
LPEPLGQGQLTAY,1,59.0,1734.0,0.0
RPPIFIRRL,1,60.0,1735.0,1.0
HMTEVVRHC,1,61.0,1736.0,4.0
LPEGLPQGQLTAY,1,62.0,1737.0,0.0
RLPAKAPLLGCG,1,63.0,1738.0,1.0
RLPAKAPLL,1,64.0,1739.0,3.0
VPLTEDAEL,1,65.0,1740.0,1.0
ILDQVPFSV,1,66.0,1741.0,1.0
TPQDLNTML,1,67.0,1742.0,2.0
LPFDKTTIM,2,68.0,1744.0,0.0
EAAGIGILTV,2,69.0,1746.0,3.0
TRLALIAPK,2,70.0,1748.0,3.0
ALHGGWTTK,2,71.0,1750.0,2.0
LPFDKSTIM,2,72.0,1752.0,1.0
KLVALGINAV,2,73.0,1754.0,4.0
ITDQVPFSV,2,74.0,1756.0,2.0
LPFDKSTVM,2,75.0,1758.0,1.0
LPFDKATIM,2,76.0,1760.0,1.0
APRGPHGGAASGL,2,77.0,1762.0,2.0
VMAPRTLIL,2,78.0,1764.0,3.0
LPEPLPQGQLTAY,2,79.0,1766.0,4.0
LPPAYTNSF,2,80.0,1768.0,0.0
IPLTEEAEL,2,81.0,1770.0,2.0
SLLMWITQV,3,82.0,1773.0,6.0
FLRGRAYGL,3,83.0,1776.0,3.0
MLAKALRKV,3,84.0,1779.0,0.0
FAMQMAYRF,3,85.0,1782.0,0.0
AAGIGILTV,4,86.0,1786.0,5.0
ELAGIGILTV,6,87.0,1792.0,20.0
RLITGRLQSL,10,88.0,1802.0,0.0
GILGFVFTL,15,89.0,1817.0,780.0
RPIIRPATL,15,90.0,1832.0,6.0
QMMVKAGL,17,91.0,1849.0,1.0
QYIKWPWYI,23,92.0,1872.0,13.0
MEVTPSGTWL,35,93.0,1907.0,0.0
YLQPRTFLL,42,94.0,1949.0,60.0
KTFPPTEPK,87,95.0,2036.0,4.0
TTDPSFLGRY,104,96.0,2140.0,10.0
SPRWYFYYL,129,97.0,2269.0,89.0
NLVPMVATV,150,98.0,2419.0,4.0
